"session_Id",form,totaalFouten
EfnVeGveUPAzLFdohMmLhm,FormC,2
ponKXvtrcIUsFBY4pidx88,FormC,5
WfizYciG8UcacsduTsEsbE,FormB,2
"dHeqhuBuIR+VsDHyBWPDmk",FormC,1
IFsylMMr8CMi5bGyN4nyZQ,FormC,1
"MX0oKHxc4kssNoG72/8ar+",FormC,1
bdAPdeDRGq7gmsJq4RKgJ8,FormC,1
u74szk2HdGJt3qcMleD1uv,FormB,1
oZgpRPcyDV1eejfwnnoXVe,FormC,1
L9h1MH8Uvg5o41iJW6NU1r,FormC,3
rH2DlHuyTIjxYqomTSkSkw,FormC,1
1iGAOuDDR5inanz2RJk6qY,FormB,4
"RnzJAlthw0tt/pP+c3vq1k",FormB,1
"iXd1cR/b/VMxRtSVsew1sA",FormC,1
"bq2YFMgaMv8rkrSd/kOMp8",FormB,4
UmEqspbdUf0SpHTeERrYzt,FormB,1
"pe/emZw8ISfpK+fn52pUm0",FormB,2
ikxT08ILxyLmjTGRChGC6P,FormB,14
"WLoWEV4xQjQFPDlK/F+iAo",FormB,2
hZFqD8r8Kxg7HyCBxBkm92,FormB,1
"7+OTXhhExV+lZen8EuD6Nb",FormC,2
